project,category,observed,expected,pearson_residual
phoenix,corrective,83,42.45756,6.222034
pdfbox,other,16,54.131859,-5.182765
phoenix,perfective,23,63.34544,-5.069169
commons-math,perfective,66,37.926569,4.558518
commons-lang,perfective,50,26.629293,4.528893
tez,corrective,27,12.980655,3.891163
pdfbox,corrective,69,44.891433,3.598236
tika,other,31,16.956968,3.410254
helix,other,27,14.348204,3.340054
commons-collections,perfective,27,14.928543,3.124287
nifi,other,36,21.522306,3.120721
commons-math,corrective,10,25.42045,-3.058478
nifi,perfective,12,26.629293,-2.834938
commons-lang,corrective,6,17.848401,-2.80453
manifoldcf,perfective,10,23.4015,-2.77033
commons-digester,corrective,0,7.031188,-2.651639
tez,perfective,8,19.366759,-2.582903
commons-jexl,corrective,1,8.11291,-2.497232
commons-lang,other,10,21.522306,-2.483676
helix,perfective,8,17.752862,-2.314717
commons-math,other,18,30.652981,-2.28537
zeppelin,other,20,12.065535,2.284254
commons-jexl,perfective,20,12.104224,2.26948
ranger,corrective,20,12.169364,2.244725
commons-dbcp,perfective,15,8.472957,2.242327
commons-io,perfective,15,8.472957,2.242327
commons-collections,corrective,3,10.005922,-2.214811
tika,perfective,11,20.980655,-2.178961
commons-rdf,perfective,9,4.438216,2.165362
jena,perfective,88,70.204501,2.123869
flume,corrective,14,8.11291,2.066866
knox,perfective,3,9.279905,-2.06149
flume,perfective,5,12.104224,-2.041964
calcite,perfective,8,16.138966,-2.025962
kylin,perfective,40,54.872483,-2.007734
commons-codec,perfective,12,6.85906,1.962954
opennlp,perfective,22,14.525069,1.961318
ranger,perfective,10,18.156336,-1.914172
jena,corrective,34,47.054876,-1.903139
systemml,perfective,21,31.470983,-1.866519
manifoldcf,other,27,18.913541,1.859396
commons-imaging,perfective,10,5.648638,1.830852
kylin,other,56,44.348993,1.749531
commons-rdf,corrective,0,2.974734,-1.724742
pdfbox,perfective,81,66.976707,1.713516
commons-digester,perfective,16,10.490328,1.701105
commons-codec,corrective,1,4.597315,-1.677747
storm,corrective,9,15.414528,-1.633803
commons-jcs,corrective,1,4.326885,-1.599374
falcon,corrective,13,8.38334,1.594481
falcon,perfective,7,12.507698,-1.557333
streams,other,10,6.195815,1.528313
knox,corrective,10,6.219897,1.515696
commons-configuration,perfective,23,16.945914,1.470673
commons-dbcp,other,3,6.848006,-1.470462
commons-io,other,3,6.848006,-1.470462
commons-collections,other,7,12.065535,-1.458317
httpcomponents-client,other,10,15.652586,-1.428743
commons-validator,perfective,18,12.911173,1.416234
commons-jcs,perfective,10,6.455586,1.395008
cayenne,corrective,14,20.282274,-1.39495
streams,corrective,2,5.138176,-1.384436
commons-net,perfective,13,8.876431,1.384057
calcite,other,18,13.043822,1.372286
manifoldcf,corrective,21,15.684959,1.342038
systemml,other,32,25.435452,1.301623
commons-configuration,corrective,7,11.358073,-1.29313
commons-vfs,other,4,7.500197,-1.278075
zeppelin,corrective,6,10.005922,-1.266409
roller,other,21,15.978681,1.256167
storm,other,24,18.587446,1.25543
giraph,perfective,4,7.262535,-1.210629
commons-imaging,other,2,4.565338,-1.200627
opennlp,corrective,6,9.735492,-1.197206
commons-net,other,4,7.174102,-1.185051
commons-bcel,other,3,5.86972,-1.184488
commons-compress,perfective,17,12.911173,1.137931
commons-dbcp,corrective,3,5.679037,-1.124194
commons-io,corrective,3,5.679037,-1.124194
cayenne,other,30,24.457165,1.120802
santuario-java,corrective,5,8.11291,-1.092894
opennlp,other,8,11.739439,-1.091397
tika,corrective,10,14.062377,-1.083305
mahout,corrective,15,11.358073,1.080635
roller,perfective,15,19.770233,-1.072837
zeppelin,perfective,11,14.928543,-1.01677
commons-scxml,perfective,6,4.034741,0.97839
parquet-mr,perfective,7,10.086854,-0.971937
calcite,corrective,14,10.817213,0.96772
wss4j,corrective,10,13.521516,-0.957672
archiva,corrective,17,21.363995,-0.944154
commons-imaging,corrective,2,3.786024,-0.917901
knox,other,10,7.500197,0.912787
commons-compress,corrective,6,8.65377,-0.902112
commons-validator,corrective,6,8.65377,-0.902112
giraph,other,8,5.86972,0.879282
httpcomponents-core,perfective,25,20.980655,0.877497
parquet-mr,corrective,9,6.760758,0.861199
systemml,corrective,25,21.093565,0.850561
helix,corrective,9,11.898934,-0.840397
httpcomponents-client,corrective,16,12.980655,0.838039
commons-rdf,other,2,3.587051,-0.837958
gora,perfective,3,4.84169,-0.836986
commons-validator,other,8,10.435057,-0.75381
mahout,other,11,13.696013,-0.728492
commons-vfs,corrective,8,6.219897,0.713762
commons-scxml,other,2,3.260955,-0.698276
commons-beanutils,corrective,2,3.245164,-0.691207
lens,perfective,9,11.297276,-0.683481
tez,other,13,15.652586,-0.670465
commons-codec,other,4,5.543624,-0.655609
commons-bcel,perfective,9,7.262535,0.644721
jena,other,52,56.740624,-0.629344
httpcomponents-client,perfective,22,19.366759,0.598359
struts,perfective,21,23.804974,-0.574904
commons-vfs,perfective,11,9.279905,0.564652
archiva,perfective,35,31.874457,0.55361
httpcomponents-core,corrective,12,14.062377,-0.54997
commons-beanutils,other,5,3.913146,0.549424
gora,other,5,3.913146,0.549424
santuario-java,perfective,14,12.104224,0.544902
kylin,corrective,40,36.778523,0.5312
jspwiki,perfective,32,35.10225,-0.523612
commons-digester,other,10,8.478484,0.522537
mina-sshd,other,10,8.478484,0.522537
lens,corrective,9,7.572049,0.518927
commons-bcel,corrective,6,4.867746,0.513192
giraph,corrective,6,4.867746,0.513192
struts,corrective,18,15.955389,0.511867
httpcomponents-core,other,15,16.956968,-0.475236
eagle,other,3,3.913146,-0.461612
commons-configuration,other,12,13.696013,-0.458281
commons-compress,other,9,10.435057,-0.444244
commons-scxml,corrective,2,2.704303,-0.428284
wss4j,other,18,16.304777,0.419826
eagle,corrective,4,3.245164,0.41902
gora,corrective,4,3.245164,0.41902
wss4j,perfective,22,20.173707,0.40661
commons-net,corrective,5,5.949467,-0.389261
flume,other,11,9.782866,0.389139
santuario-java,other,11,9.782866,0.389139
mina-sshd,corrective,6,7.031188,-0.388887
jspwiki,other,30,28.370312,0.305965
jspwiki,corrective,25,23.527438,0.303589
parquet-mr,other,9,8.152388,0.296862
lens,other,10,9.130675,0.287694
falcon,other,11,10.108962,0.280248
commons-jexl,other,9,9.782866,-0.250296
archiva,other,27,25.761548,0.244002
streams,perfective,7,7.666009,-0.240544
mahout,perfective,16,16.945914,-0.229784
storm,perfective,24,22.998026,0.208935
struts,other,20,19.239637,0.17335
mina-sshd,perfective,10,10.490328,-0.151388
cayenne,perfective,31,30.260561,0.13442
commons-jcs,other,5,5.217529,-0.095232
ranger,other,15,14.674299,0.085024
commons-beanutils,perfective,5,4.84169,0.071947
eagle,perfective,5,4.84169,0.071947
roller,corrective,13,13.251086,-0.068976
nifi,corrective,18,17.848401,0.035884
phoenix,other,51,51.197,-0.027532
