project,n,perfective_count,corrective_count,other_count,perfective_share,perfective_ci_low,perfective_ci_high,corrective_share,corrective_ci_low,corrective_ci_high,other_share,other_ci_low,other_ci_high
archiva,79,35,17,27,0.443038,0.338678,0.552681,0.21519,0.138922,0.317872,0.341772,0.24671,0.451509
calcite,40,8,14,18,0.2,0.105,0.347573,0.35,0.221345,0.504941,0.45,0.307053,0.601709
cayenne,75,31,14,30,0.413333,0.308777,0.526335,0.186667,0.114581,0.289286,0.4,0.296625,0.51312
commons-bcel,18,9,6,3,0.5,0.29031,0.70969,0.333333,0.162788,0.562505,0.166667,0.058366,0.39222
commons-beanutils,12,5,2,5,0.416667,0.19326,0.680489,0.166667,0.046965,0.448031,0.416667,0.19326,0.680489
commons-codec,17,12,1,4,0.705882,0.468669,0.8672,0.058824,0.01046,0.26982,0.235294,0.09555,0.472618
commons-collections,37,27,3,7,0.72973,0.570218,0.846025,0.081081,0.027961,0.213007,0.189189,0.0948,0.342047
commons-compress,32,17,6,9,0.53125,0.364495,0.691306,0.1875,0.088895,0.353092,0.28125,0.155646,0.453745
commons-configuration,42,23,7,12,0.547619,0.399491,0.687766,0.166667,0.083159,0.30604,0.285714,0.17167,0.435672
commons-dbcp,21,15,3,3,0.714286,0.500436,0.861861,0.142857,0.04981,0.346361,0.142857,0.04981,0.346361
commons-digester,26,16,0,10,0.615385,0.425349,0.775714,0,0,0.128729,0.384615,0.224286,0.574651
commons-imaging,14,10,2,2,0.714286,0.453509,0.882786,0.142857,0.040094,0.399414,0.142857,0.040094,0.399414
commons-io,21,15,3,3,0.714286,0.500436,0.861861,0.142857,0.04981,0.346361,0.142857,0.04981,0.346361
commons-jcs,16,10,1,5,0.625,0.38641,0.815188,0.0625,0.011119,0.283287,0.3125,0.141646,0.555956
commons-jexl,30,20,1,9,0.666667,0.487801,0.807695,0.033333,0.005909,0.166704,0.3,0.166647,0.478758
commons-lang,66,50,6,10,0.757576,0.641909,0.844908,0.090909,0.042333,0.184487,0.151515,0.084436,0.256929
commons-math,94,66,10,18,0.702128,0.603228,0.785156,0.106383,0.058819,0.184856,0.191489,0.124701,0.282503
commons-net,22,13,5,4,0.590909,0.387348,0.767442,0.227273,0.10123,0.4344,0.181818,0.073069,0.385166
commons-rdf,11,9,0,2,0.818182,0.523019,0.948632,0,0,0.258833,0.181818,0.051368,0.476981
commons-scxml,10,6,2,2,0.6,0.312674,0.83182,0.2,0.056682,0.509838,0.2,0.056682,0.509838
commons-validator,32,18,6,8,0.5625,0.393256,0.718347,0.1875,0.088895,0.353092,0.25,0.132524,0.421066
commons-vfs,23,11,8,4,0.478261,0.292372,0.670373,0.347826,0.188113,0.551097,0.173913,0.069787,0.371376
eagle,12,5,4,3,0.416667,0.19326,0.680489,0.333333,0.13812,0.609378,0.25,0.088942,0.532305
falcon,31,7,13,11,0.225806,0.113951,0.398124,0.419355,0.264155,0.592337,0.354839,0.211167,0.53052
flume,30,5,14,11,0.166667,0.073365,0.335644,0.466667,0.302324,0.638577,0.366667,0.218739,0.544864
giraph,18,4,6,8,0.222222,0.090009,0.452146,0.333333,0.162788,0.562505,0.444444,0.245595,0.662836
gora,12,3,4,5,0.25,0.088942,0.532305,0.333333,0.13812,0.609378,0.416667,0.19326,0.680489
helix,44,8,9,27,0.181818,0.095128,0.319606,0.204545,0.111533,0.345006,0.613636,0.466236,0.742788
httpcomponents-client,48,22,16,10,0.458333,0.325752,0.597089,0.333333,0.216768,0.474599,0.208333,0.117303,0.342589
httpcomponents-core,52,25,12,15,0.480769,0.351041,0.613143,0.230769,0.137243,0.361338,0.288462,0.1833,0.422728
jena,174,88,34,52,0.505747,0.432142,0.579104,0.195402,0.143336,0.260627,0.298851,0.235779,0.370612
jspwiki,87,32,25,30,0.367816,0.274087,0.472725,0.287356,0.202857,0.38984,0.344828,0.253427,0.449352
knox,23,3,10,10,0.130435,0.045377,0.321275,0.434783,0.256346,0.631886,0.434783,0.256346,0.631886
kylin,136,40,40,56,0.294118,0.224043,0.375504,0.294118,0.224043,0.375504,0.411765,0.332583,0.495794
lens,28,9,9,10,0.321429,0.179332,0.506612,0.321429,0.179332,0.506612,0.357143,0.207058,0.541697
mahout,42,16,15,11,0.380952,0.249997,0.53186,0.357143,0.229892,0.508336,0.261905,0.153026,0.410687
manifoldcf,58,10,21,27,0.172414,0.096443,0.289083,0.362069,0.250549,0.490725,0.465517,0.34332,0.591998
mina-sshd,26,10,6,10,0.384615,0.224286,0.574651,0.230769,0.110338,0.420516,0.384615,0.224286,0.574651
nifi,66,12,18,36,0.181818,0.107186,0.291452,0.272727,0.180033,0.390422,0.545455,0.42615,0.659759
opennlp,36,22,6,8,0.611111,0.448645,0.752151,0.166667,0.078704,0.318908,0.222222,0.117163,0.380847
parquet-mr,25,7,9,9,0.28,0.142839,0.475766,0.36,0.202479,0.554815,0.36,0.202479,0.554815
pdfbox,166,81,69,16,0.487952,0.413049,0.563399,0.415663,0.343427,0.491714,0.096386,0.060202,0.150827
phoenix,157,23,83,51,0.146497,0.099644,0.210235,0.528662,0.45083,0.605125,0.324841,0.256529,0.40152
ranger,45,10,20,15,0.222222,0.125447,0.362693,0.444444,0.309389,0.588239,0.333333,0.213589,0.479295
roller,49,15,13,21,0.306122,0.195155,0.445279,0.265306,0.162113,0.402623,0.428571,0.300233,0.567295
santuario-java,30,14,5,11,0.466667,0.302324,0.638577,0.166667,0.073365,0.335644,0.366667,0.218739,0.544864
storm,57,24,9,24,0.421053,0.301876,0.550199,0.157895,0.085358,0.273632,0.421053,0.301876,0.550199
streams,19,7,2,10,0.368421,0.191495,0.589605,0.105263,0.029359,0.313941,0.526316,0.317078,0.726702
struts,59,21,18,20,0.355932,0.246033,0.483445,0.305085,0.202536,0.431463,0.338983,0.231377,0.466275
systemml,78,21,25,32,0.269231,0.183356,0.376769,0.320513,0.227482,0.430393,0.410256,0.307819,0.521119
tez,48,8,27,13,0.166667,0.086955,0.295778,0.5625,0.42275,0.692987,0.270833,0.16566,0.40997
tika,52,11,10,31,0.211538,0.122444,0.340321,0.192308,0.10796,0.318989,0.596154,0.460676,0.718403
wss4j,50,22,10,18,0.44,0.311622,0.57694,0.2,0.112438,0.330371,0.36,0.241387,0.49859
zeppelin,37,11,6,20,0.297297,0.174895,0.457831,0.162162,0.076512,0.311365,0.540541,0.38384,0.689614
